Id,Subject Focus,Eyes,Face,Near,Action,Accessory,Group,Collage,Human,Occlusion,Info,Blur,img_x,img_y,prob_cat
4128bae22183829d2b5fea10effdb0c3,1,0,1,0,0,1,1,0,0,1,0,1,128,128,0.00089097174
43a2262d7738e3d420d453815151079e,0,1,0,0,0,0,1,1,0,0,0,0,128,128,0.00047192234
4e429cead1848a298432a0acad014c9d,0,0,0,1,0,1,1,1,0,1,1,1,128,128,0.00061928004
80bc3ccafcc51b66303c2c263aa38486,1,0,1,0,0,0,0,0,0,0,1,0,128,128,0.0005522668
8f49844c382931444e68dffbe20228f4,1,1,1,0,1,1,0,1,0,1,1,0,128,128,0.00046163646
b03f7041962238a7c9d6537e22f9b017,0,0,1,1,1,1,1,1,1,0,1,0,128,128,0.0015515551
c978013571258ed6d4637f6e8cc9d6a3,1,0,0,0,1,1,0,1,0,1,1,1,128,128,0.0018038128
e0de453c1bffc20c22b072b34b54e50f,1,0,1,0,0,0,0,0,1,0,0,1,128,128,0.00046959877
