Id,Pawpularity
0,54.197321
1,52.502293
2,53.619038
3,53.638999
4,52.502293
5,53.989050
6,53.969089
7,52.482332
