Id,Pawpularity
4128bae22183829d2b5fea10effdb0c3,35.903433
43a2262d7738e3d420d453815151079e,35.842034
4e429cead1848a298432a0acad014c9d,36.102414
80bc3ccafcc51b66303c2c263aa38486,35.848221
8f49844c382931444e68dffbe20228f4,35.906222
b03f7041962238a7c9d6537e22f9b017,35.903856
c978013571258ed6d4637f6e8cc9d6a3,35.924995
e0de453c1bffc20c22b072b34b54e50f,35.900307
